,read_id,is_rev_comp,position,alignment_score,transcript
0,SRR316957.3748,False,5796,86,IIIMMMMMMMMMMMMMMMMMMMMMMMMMMMMMMMMMMMMMMMMMMMMMMMMMMMMMMMMMMMMMMMDDDDD
1,SRR316957.10370,False,3203,102,MRMMMMMMMMMMMMMMMMMMRMMMMMMMMMMMMMMMMMMIMMMMMMMMMMMMMMMMMMMMMMMMMDMDD
2,SRR316957.10370,True,5747,2,MMMMMRMRRMMMIMMMMRRRMRMMMRRMDRMRMRMMMDRRMMDMRMRMRMMDRMMRMRMRMMIMRMRMMR
3,SRR316957.13555,False,8213,118,DDMMMMMMMMMMMMRMMMMMMMMMMMMMMMMMMMMMMMMMMMMMMMMMMMMMMMMMMMMMMMMMMMMM
4,SRR316957.92287,True,3239,110,MMMMMRMMMMMMMMRMMMMMMMMMMMMRMMMMMMMMMMMMMMMMMMMMMMMMMMMMMMMMMMMMMMDD
5,SRR316957.176167,False,3152,122,DDMMMMMMMMMMMMMMMMMMMMMMMMMMMMMMMMMMMMMMMMMMMMMMMMMMMMMMMMMMMMMMMMMM
6,SRR316957.195283,False,3166,118,MMMMMMMMMMMMMMMMMMMMMMMMMMMMMMMMMMMMMMMMMMMMMMMRMMMMMMMMMMMMMMMMMMDD
7,SRR316957.252299,True,3190,102,DMMMMMMMMMMMMMRMMMMMMMMMMMMMMMMMMRMMMMMMMMMMMMMMMMMMIMMMMMMMMMMMMMDMD
8,SRR316957.272938,True,9854,118,MMMMMMMMMMMMMMMMMMMMMMMMMMMMMMMMMMMMMMMMMMMMMMMMMMMMMMRMMMMMMMMDDMMM
9,SRR316957.291366,False,3640,6,MDDMMDRRMMRMRMMMMMRRMMMIRMMRMRMMMRMMMMRMRRMMMMMRMRRMMDMRRMRRRRMMMMMMIR
10,SRR316957.291366,True,5959,114,MMMMMMMMMMMMMMMMMMMMMMMMMMMMRMMMMMMMMMMMMMMMMMMMMMMMMMMMMMRMMMMMMDDM
11,SRR316957.322453,True,3192,122,MMMMMMMMMMMMMMMMMMMMMMMMMMMMMMMMMMMMMMMMMMMMMMMMMMMMMMMMMMMMMMMMMDMD
12,SRR316957.349515,True,3086,122,MMMMMMMMMMMMMMMMMMMMMMMMMMMMMMMMMMMMMMMMMMMMMMMMMMMMMMMMMMMMMMMMMMDD
13,SRR316957.361216,True,3163,122,DDMMMMMMMMMMMMMMMMMMMMMMMMMMMMMMMMMMMMMMMMMMMMMMMMMMMMMMMMMMMMMMMMMM
14,SRR316957.404169,False,8222,122,MMMMMMMMMMMMMMMMMMMMMMMMMMMMMMMMMMMMMMMMMMMMMMMMMMMMMMMMMMMMMMMDDMMM
15,SRR316957.440650,True,6034,118,DMMMMMMMMMMMMMMMMMMMMMMMMMMMMMMMMMMMMMMMMMMMMMMMMMMMMMMMMMMMMMMMMMDR
16,SRR316957.468010,True,3189,106,MMMMMMMMMMMMMMMMMMMMMMMMRMMMMMMMMMMMMMMMMMMMMMMMMDDMDMMMMMMMMMMMMMMMI
17,SRR316957.518689,True,3156,114,MMMMMMMMMMMMMMMMMMMMMMMMMMMMMMMMMMMMMMMMMMMMRMMMMMMMMMMMMMRMMMMMMDDM
18,SRR316957.568320,False,3092,110,MMMMMMMMMMMMMMMMMMMMMMMMMMMMMMMMMMMMMRMMMMMMMRMMMMMMMMMMMRMMMMMMMDMD
19,SRR316957.596708,False,5861,122,MMMMMMMMMMMMMMMMMMMMMMMMMMMMMMMMMMMMMMMMMMMMMMMMMMMMMMMMMMMMMMMMMDMD
20,SRR316957.625801,False,3133,122,MMMMMMMMMMMMMMMMMMMMMMMMMMMMMMMMMMMMMMMMMMMMMMMMMMMMMMMMMMMMMMMMMMDD
21,SRR316957.705832,False,5881,82,MMMMMMMMMMMMMMMMMMMMMMMMMMMMMMMMMMMIIIMMMMMMMMMRMMMMMMMMMMMMMMMMMMDDDDD
22,SRR316957.761193,False,3121,122,DDMMMMMMMMMMMMMMMMMMMMMMMMMMMMMMMMMMMMMMMMMMMMMMMMMMMMMMMMMMMMMMMMMM
23,SRR316957.761193,True,6574,6,MMDRMMMMRRMRRRMRMMRRRRRMRMMDMMMRRMMRMMMRMRMMMRMRMMRMRMRMRMRRMRRRMMMM
24,SRR316957.778303,True,3233,106,MMMMMDDMDMMMMMMMMMMMMMMMMMMMMMMMMMMMMMRMMMMMMMMMMMMMMMMMMMMMMMMMMMMMI
25,SRR316957.779516,False,3122,122,MMMMMMMMMMMMMMMMMMMMMMMMMMMMMMMMMMMMMMMMMMMMMMMMMMMMMMMMMMMMMMMMMMDD
26,SRR316957.779516,True,9431,-42,MRMDRMMMRRRMMIMMRRMRMDRMMDMRRRRMRRMMRRRMIRRRMRRMMDRMRMRRMRRRMMRRMRRMRM
27,SRR316957.866299,True,3144,118,MMMMMMMMMMMMMMMMMMMMMMMMMMMMMMMMMMMMMMMMMMMMMMMMMMMMMMMMRMMMMMMMMMDD
28,SRR316957.893512,True,5993,118,MMMMMMMMMMMMMMMMMMMMMMMMRMMMMMMMMMMMMMMMMMMMMMMMMMMMMMMMMMMMMMMMDDMM
29,SRR316957.902803,False,3126,122,MMMMMMMMMMMMMMMMMMMMMMMMMMMMMMMMMMMMMMMMMMMMMMMMMMMMMMMMMMMMMMMMDDMM
30,SRR316957.902803,True,2908,2,DMMMRRMDMDMDMMMMMMRMIMIMRMMMMMMIIMMMRRMRMMMRMMRMMRMMMMIMRRRMRMMMMDMMRMDMD
31,SRR316957.905320,True,8198,114,MMMMMMMMMMMMMMMMMMMMMMMMMMMMRMMMMMMMMMMMMMMMMMMMMMMMMMMMMMMMMMMRMMDD
32,SRR316957.924384,False,5901,78,RMRMMRRMRRMMDDDMMMMMMMMMRMMMMMRMMMMMMMMMMMMMMMMMMMMMMMMMMMMMMMMMMMMMI
33,SRR316957.949607,False,3144,106,IMMMMMRMMMMMMMMMMMMMMMMMMMMMMMMMMMMMMMMMMMMMMMMMMMMMMMMMMMMMMMMMMDMDD
34,SRR316957.958299,False,8199,118,MMMMMMMMMMMMMMMMMMMMMMMMMMMMRMMMMMMMMMMMMMMMMMMMMMMMMMMMMMMMMMMMMMDD
35,SRR316957.995227,False,3078,114,MMMMMMMMMMMMMMMMMMMMMMMMMMMMMMMMMMMMMMMMMMMMMMMMMMMRMMMMMMMRMMMMDMMD
36,SRR316957.1016179,True,3342,110,MMMMMRMMMMMMMMMMMMRMMMMMMMMMMDMMMMMMMMMMMMMMMMMMMMMMRMMMMMMMMMMMMMMD
37,SRR316957.1063205,False,6193,-6,DMDRRMRMRRRRRRMMMMMIMMRRMMMMMRRRMRRMMMMDRMRRRRMRRMMRMMRMMMRMMMRRMMRMM
38,SRR316957.1063205,True,3222,110,MMMMMMMMMMMMMMMMDDMDMMMMMMMMMMMMMMMMMMMMMMMMMMMMMMMMMMMMMMMMMMMMMMMIM
